n_points,autoSearchAlgorithm,rbcSearchAlgorithm,ivfflatSearchAlgorithm,knn_query_pointopsv1,knn_query_pointopsv2
500000,0.8063354389996675,0.8228563299999223,0.07984022199980245,0.3696461110002929,0.3708978249997017
1000000,2.2714456769999742,2.267231351999726,0.2486664150001161,1.3929337399995347,1.3814047740006572
1500000,4.29662350199942,4.240278892999413,0.38335549399926094,3.0065463020000607,3.017349394000121
2000000,6.602708190000158,6.5949358349998874,0.6291123370001515,5.559411540999463,5.219289093000043
2500000,12.063541344999976,12.069400936999955,0.9331573919998846,8.189692589000515,8.141528541000298
3000000,20.475093667000692,20.471395851000125,1.362238384000193,11.772588559999349,11.626423792000423
3500000,29.456438040999274,29.49119406599948,1.832077609999942,15.942121856000085,15.84886576900044
4000000,40.12053125800048,40.169232158999876,2.5084702430003745,20.805464889000177,20.693584619999456
4500000,50.637623106999854,50.800260518999494,3.325875405000261,26.354179478999868,26.06515004999983
